,iter_num,disc_loss_trn,disc_loss_tst,gen_loss_trn,gen_loss_tst
0,100,5.243715763092041,5.20033073425293,1.71462082862854,1.6120562553405762
1,200,5.6118316650390625,5.33895206451416,1.5604057312011719,1.5941617488861084
2,300,5.447495460510254,6.28307580947876,1.4178926944732666,1.4325389862060547
3,400,6.044064521789551,5.290382385253906,1.4278573989868164,1.4793188571929932
4,500,5.31590461730957,5.179505348205566,1.6708462238311768,1.8090893030166626
5,600,5.159628868103027,4.918276309967041,1.634486198425293,1.6571216583251953
6,700,5.256152153015137,5.6310248374938965,1.4803800582885742,1.528989553451538
7,800,5.164389610290527,5.020535469055176,1.5976455211639404,1.6236239671707153
8,900,5.122347831726074,5.1338019371032715,1.52787446975708,1.552749514579773
9,1000,5.060011863708496,4.9413957595825195,1.6392015218734741,1.6397247314453125
10,1100,5.529049873352051,5.222992897033691,1.4522442817687988,1.4005872011184692
11,1200,5.076722145080566,5.157584190368652,1.5848464965820312,1.5020815134048462
12,1300,4.897659778594971,4.955936908721924,1.6961455345153809,1.7115063667297363
13,1400,5.584471225738525,5.106016159057617,1.4791520833969116,1.3911091089248657
14,1500,5.144315719604492,5.263664245605469,1.6796706914901733,1.5567798614501953
15,1600,5.08602237701416,4.944905757904053,1.7051937580108643,1.572624683380127
16,1700,5.322455406188965,5.254115104675293,1.643355369567871,1.6738183498382568
17,1800,5.009577751159668,5.095167636871338,1.5353577136993408,1.5870589017868042
18,1900,5.560529708862305,5.164246559143066,1.5460187196731567,1.5142669677734375
19,2000,5.03848934173584,5.648659706115723,1.6662230491638184,1.5686326026916504
20,2100,4.871981143951416,5.018803596496582,1.700796127319336,1.731217622756958
21,2200,5.177629470825195,4.989016532897949,1.600121021270752,1.5794154405593872
22,2300,5.358282089233398,5.955185890197754,1.5252208709716797,1.540004849433899
23,2400,5.106438159942627,5.195013523101807,1.7874678373336792,1.5447633266448975
24,2500,4.859386444091797,4.591177463531494,1.8093785047531128,2.0006566047668457
25,2600,5.441319465637207,5.175860404968262,1.8280237913131714,1.6440640687942505
26,2700,4.884113311767578,5.145191192626953,1.8539241552352905,1.5786943435668945
27,2800,5.366936683654785,5.014980316162109,1.7283918857574463,1.9393646717071533
28,2900,5.0670599937438965,5.39366340637207,1.7016805410385132,1.6533265113830566
29,3000,5.187104225158691,4.984453201293945,1.621368169784546,1.4294031858444214
30,3100,5.3581085205078125,5.2242841720581055,1.519859790802002,1.6363966464996338
31,3200,5.603092193603516,5.558854579925537,1.4691922664642334,1.3934519290924072
32,3300,5.070813179016113,5.348118782043457,1.6770806312561035,1.6926381587982178
33,3400,5.177276611328125,5.4193806648254395,1.6523959636688232,1.7407526969909668
34,3500,5.266376495361328,5.549593925476074,1.6132056713104248,1.4555612802505493
35,3600,6.136496067047119,4.937014579772949,1.6857576370239258,1.5034518241882324
36,3700,4.72083854675293,4.632495880126953,1.7607247829437256,1.7803717851638794
37,3800,5.280142784118652,5.073704719543457,1.5732648372650146,1.43796968460083
38,3900,4.856257438659668,5.068097114562988,2.0233683586120605,1.8819453716278076
39,4000,4.854266166687012,4.75466251373291,2.144601345062256,1.8104617595672607
40,4100,4.779131889343262,4.979126930236816,2.020685911178589,1.7111406326293945
41,4200,5.085601806640625,5.01386833190918,1.7767927646636963,1.7205945253372192
42,4300,4.924064636230469,4.456798076629639,2.2986435890197754,2.0221827030181885
43,4400,4.994094371795654,5.125788688659668,1.651797890663147,1.6809990406036377
44,4500,5.333195209503174,4.868106842041016,1.6022915840148926,1.6760238409042358
45,4600,5.996207237243652,5.604777812957764,1.5602209568023682,1.4023329019546509
46,4700,4.7487335205078125,5.013521194458008,1.8824167251586914,1.7873257398605347
47,4800,5.105788230895996,4.87277889251709,1.9105429649353027,1.8879591226577759
48,4900,4.8510003089904785,4.759860038757324,1.756435513496399,1.8345180749893188
49,5000,4.986104965209961,4.843669891357422,1.6854208707809448,1.7940810918807983
50,5100,5.001938819885254,6.50578498840332,1.4255549907684326,1.3878543376922607
51,5200,4.9532084465026855,6.334493637084961,1.4592134952545166,1.3748009204864502
52,5300,4.786869049072266,6.078064918518066,1.6787052154541016,1.473738670349121
53,5400,5.248456954956055,6.128537654876709,1.6099696159362793,1.462970495223999
54,5500,4.720839500427246,5.733948230743408,1.6011070013046265,1.5818092823028564
55,5600,5.507593154907227,5.737424850463867,1.5488860607147217,1.4419610500335693
56,5700,5.036881923675537,5.317569732666016,1.5567632913589478,1.4310235977172852
57,5800,4.964027404785156,5.211784362792969,1.638988733291626,1.5768640041351318
58,5900,5.3124308586120605,5.118149757385254,1.67171311378479,1.6660079956054688
59,6000,5.094724178314209,5.006840705871582,1.8822447061538696,1.6541078090667725
60,6100,4.824724197387695,4.75403356552124,1.8258951902389526,1.638259768486023
61,6200,4.9718170166015625,4.699746131896973,1.7814950942993164,1.746036171913147
62,6300,4.900864124298096,4.665480613708496,1.7472288608551025,1.7102694511413574
63,6400,4.542141914367676,5.000674724578857,1.8703768253326416,1.6562087535858154
64,6500,4.886786937713623,4.8097991943359375,2.0203471183776855,1.76896333694458
65,6600,4.667605400085449,4.808250427246094,1.835459589958191,1.634979248046875
66,6700,4.802082061767578,5.44460391998291,1.7521458864212036,1.6243714094161987
67,6800,5.030735969543457,5.653199672698975,1.4886343479156494,1.4756978750228882
68,6900,5.283719062805176,5.19938325881958,1.627204179763794,1.5477381944656372
69,7000,4.56289005279541,4.809719085693359,1.8250377178192139,1.7113010883331299
70,7100,5.199014186859131,5.378172874450684,1.6369190216064453,1.536574125289917
71,7200,4.7636003494262695,4.9554548263549805,1.7750663757324219,1.660085678100586
72,7300,4.929535388946533,4.644649505615234,1.8997867107391357,1.8551771640777588
73,7400,4.990356922149658,5.251137733459473,1.7561161518096924,1.770159125328064
74,7500,5.044243335723877,4.743072986602783,2.0824532508850098,1.5999386310577393
75,7600,4.713005065917969,4.666284561157227,1.7522573471069336,1.6848422288894653
76,7700,4.8283796310424805,4.926041603088379,1.7995295524597168,1.6821370124816895
77,7800,4.620296955108643,4.852914810180664,1.6815812587738037,1.5489461421966553
78,7900,4.962508201599121,5.0771026611328125,1.7122637033462524,1.7244172096252441
79,8000,4.832657814025879,5.000258445739746,1.883277416229248,1.6910653114318848
80,8100,4.716213226318359,5.014338493347168,2.108154773712158,1.6453330516815186
81,8200,4.746540069580078,4.921894073486328,1.7748042345046997,1.5749928951263428
82,8300,4.613504409790039,4.415520191192627,1.963066577911377,1.782025694847107
83,8400,4.973153114318848,5.280020713806152,1.6764140129089355,1.5304749011993408
84,8500,4.753691673278809,4.822157382965088,1.7412456274032593,1.6257128715515137
85,8600,4.994939804077148,5.2447309494018555,1.608680248260498,1.4342730045318604
86,8700,4.848860263824463,5.272665023803711,1.6934776306152344,1.6087772846221924
87,8800,4.805055618286133,4.666015625,1.8786392211914062,1.7731122970581055
88,8900,4.299481391906738,4.4001007080078125,2.2201156616210938,2.2797677516937256
89,9000,4.574871063232422,4.5133442878723145,1.9748417139053345,1.799924373626709
90,9100,4.905764579772949,4.754037857055664,2.0072221755981445,1.7642943859100342
91,9200,4.61086368560791,4.605069160461426,1.7965352535247803,1.839320182800293
92,9300,4.486051559448242,4.664278030395508,2.037226438522339,1.9527649879455566
93,9400,4.269924163818359,4.756592750549316,2.305655002593994,1.725245714187622
94,9500,4.297928333282471,4.605808258056641,2.1139883995056152,1.7606604099273682
95,9600,4.466547012329102,4.75239372253418,1.921173334121704,1.7768809795379639
96,9700,5.539205074310303,5.125397205352783,1.5466277599334717,1.422782063484192
97,9800,4.917559623718262,5.103950500488281,1.880213975906372,1.6055983304977417
98,9900,4.407313346862793,4.55308198928833,2.1480190753936768,1.9893141984939575
99,10000,4.557060718536377,4.6335601806640625,2.1675174236297607,1.8006768226623535
100,10100,4.860499858856201,4.77797269821167,1.9055317640304565,1.5432652235031128
101,10200,4.8657732009887695,4.854166030883789,1.7411690950393677,1.6499013900756836
102,10300,4.681926727294922,4.705795764923096,1.9785659313201904,1.6716325283050537
103,10400,4.782745361328125,4.78731632232666,2.3170013427734375,2.1521530151367188
104,10500,4.552992343902588,4.569450855255127,1.9857118129730225,1.8449530601501465
105,10600,4.52053689956665,4.37363338470459,2.4305453300476074,2.164896249771118
106,10700,4.907007694244385,4.992972373962402,1.612217664718628,1.6559258699417114
107,10800,4.670299530029297,4.8854780197143555,1.7796039581298828,1.6746084690093994
108,10900,4.541379451751709,4.6362104415893555,1.7631032466888428,1.5854027271270752
109,11000,4.880451202392578,4.384845733642578,2.0562949180603027,1.774888038635254
110,11100,4.520371437072754,4.409641265869141,1.9353559017181396,1.7472820281982422
111,11200,4.793840408325195,4.976644992828369,1.7508580684661865,1.616760015487671
112,11300,4.987040042877197,8.876604080200195,1.424375057220459,1.3586711883544922
113,11400,4.451821804046631,4.565316677093506,1.9600751399993896,2.033721685409546
114,11500,4.891315460205078,4.853437423706055,1.7257848978042603,1.7601968050003052
115,11600,4.524908065795898,4.757565975189209,2.17855167388916,2.0281383991241455
116,11700,4.735599517822266,4.590993404388428,2.0141258239746094,1.6570305824279785
117,11800,5.306965351104736,5.086509704589844,1.87237548828125,1.661623477935791
118,11900,4.7728729248046875,5.088190078735352,1.8495407104492188,1.608424425125122
119,12000,4.467097282409668,4.507078170776367,2.0087485313415527,1.7513196468353271
120,12100,4.796444892883301,4.764407634735107,2.112147808074951,1.7179303169250488
121,12200,4.427112102508545,5.678347587585449,1.5897490978240967,1.4275922775268555
122,12300,4.706717491149902,5.585321426391602,1.5775413513183594,1.4196566343307495
123,12400,4.525059700012207,5.7148237228393555,1.6736133098602295,1.687876582145691
124,12500,4.498709201812744,6.075338363647461,1.9173569679260254,1.860341191291809
125,12600,4.555844783782959,4.607704162597656,2.0381832122802734,1.845991849899292
126,12700,4.903016090393066,4.8108134269714355,1.5871365070343018,1.5098719596862793
127,12800,4.187331199645996,4.225671768188477,2.478213310241699,2.3009636402130127
128,12900,5.1616034507751465,4.5521440505981445,1.6974999904632568,1.5726797580718994
129,13000,4.460822105407715,4.732241153717041,1.8984496593475342,2.2206997871398926
130,13100,4.676126480102539,5.497496604919434,1.7221989631652832,1.5994799137115479
131,13200,4.86228609085083,4.584573268890381,2.2317938804626465,1.8177281618118286
132,13300,5.093948841094971,4.7690534591674805,1.8864161968231201,1.533077597618103
133,13400,4.475651741027832,4.530329704284668,1.9159636497497559,1.849946141242981
134,13500,4.674069881439209,4.216299533843994,1.767266869544983,1.7234129905700684
135,13600,4.645533561706543,4.420992851257324,2.015533924102783,1.7299277782440186
136,13700,4.937298774719238,4.626208305358887,1.9270304441452026,1.5681586265563965
137,13800,4.610838890075684,5.248068809509277,1.725752592086792,1.6906836032867432
138,13900,4.409826278686523,4.603772163391113,2.0885515213012695,1.7203574180603027
139,14000,5.256588935852051,4.4154767990112305,1.771894931793213,1.6595559120178223
140,14100,4.745418548583984,4.5081634521484375,1.8137760162353516,1.7964832782745361
141,14200,4.717179298400879,5.541595458984375,1.7038145065307617,1.6413325071334839
142,14300,4.466348648071289,4.961115837097168,1.7447270154953003,1.711464762687683
143,14400,4.316155910491943,4.395074367523193,2.270905017852783,2.079235315322876
144,14500,4.767109394073486,5.403842926025391,1.7291357517242432,1.6958105564117432
145,14600,4.4412384033203125,4.812929153442383,1.6794500350952148,1.6385900974273682
146,14700,4.444002628326416,4.573832988739014,1.886828899383545,1.6609599590301514
147,14800,4.40878438949585,4.070303916931152,2.1758880615234375,1.9201089143753052
148,14900,4.4836931228637695,4.581092834472656,1.9541127681732178,1.8481321334838867
149,15000,4.44121789932251,4.659221649169922,1.9991626739501953,1.943657398223877
150,15100,4.594253063201904,4.337353706359863,2.132302761077881,1.678862452507019
151,15200,4.9786152839660645,4.991115570068359,1.680623173713684,1.768984079360962
152,15300,4.810115814208984,4.410978317260742,1.8374731540679932,1.7124990224838257
153,15400,4.693050861358643,4.495899200439453,1.885274052619934,1.7858930826187134
154,15500,4.8831987380981445,4.247328281402588,2.077160358428955,1.8530824184417725
155,15600,4.593124866485596,4.84908390045166,1.8236345052719116,1.8341193199157715
156,15700,4.6052632331848145,4.375870704650879,1.9997562170028687,1.8094693422317505
157,15800,4.827120780944824,6.103416442871094,1.4898056983947754,1.4014835357666016
158,15900,4.5422186851501465,4.578115463256836,2.0313684940338135,1.9567389488220215
159,16000,4.437540054321289,4.449923515319824,1.9179182052612305,1.870842456817627
160,16100,4.680961608886719,4.545628070831299,1.9343637228012085,1.8702349662780762
161,16200,5.147922992706299,4.458873748779297,2.2372748851776123,2.087348461151123
162,16300,5.174576759338379,5.4871826171875,1.6156913042068481,1.63556969165802
163,16400,4.573233604431152,4.776321887969971,1.7806659936904907,1.8222894668579102
164,16500,4.450418472290039,4.211150646209717,2.611056327819824,2.3960304260253906
165,16600,4.437621116638184,4.282556056976318,2.312044143676758,1.9127585887908936
166,16700,4.715660095214844,4.454213619232178,1.8185889720916748,1.8303742408752441
167,16800,4.996954441070557,4.42488956451416,1.8629767894744873,1.7390210628509521
168,16900,4.3271098136901855,4.723205089569092,2.0883007049560547,1.777076244354248
169,17000,4.229611396789551,4.345755100250244,2.1437501907348633,1.9997934103012085
170,17100,4.8487749099731445,4.981700420379639,1.7446820735931396,1.5472592115402222
171,17200,4.391411781311035,4.209785461425781,2.3490116596221924,2.31453013420105
172,17300,4.82274055480957,4.7329301834106445,2.209606647491455,1.9310375452041626
173,17400,4.270143508911133,4.3048319816589355,2.690304756164551,2.277353286743164
174,17500,4.606578826904297,5.3011040687561035,1.6748464107513428,1.5572009086608887
175,17600,4.275314807891846,4.31345272064209,2.177544355392456,1.7937661409378052
176,17700,4.429497718811035,4.855532646179199,1.911240577697754,1.8960672616958618
177,17800,4.600918769836426,6.121717929840088,1.5474982261657715,1.4903409481048584
178,17900,4.4790358543396,5.488851547241211,1.988044023513794,1.5139293670654297
179,18000,4.159360408782959,4.659597396850586,2.2472007274627686,1.7937595844268799
180,18100,4.630367279052734,4.492114543914795,2.2283060550689697,1.761742115020752
181,18200,4.361907958984375,4.349114894866943,1.8988184928894043,1.8004086017608643
182,18300,4.348937511444092,4.520267486572266,2.1886115074157715,2.196742057800293
183,18400,4.3563055992126465,4.607416152954102,2.0413477420806885,1.9571568965911865
184,18500,4.196924209594727,4.952694892883301,2.10835862159729,1.6681135892868042
185,18600,5.0386505126953125,4.825175762176514,1.9669318199157715,1.5941510200500488
186,18700,4.88631534576416,5.624754905700684,1.6814353466033936,1.7751883268356323
187,18800,4.50767707824707,5.563314437866211,1.8769359588623047,1.6040277481079102
188,18900,4.350032806396484,4.5841498374938965,1.8881399631500244,1.6331288814544678
189,19000,4.293017864227295,4.221683979034424,2.241375684738159,2.100661039352417
190,19100,4.584438800811768,4.601465225219727,1.7883391380310059,1.6985487937927246
191,19200,5.5141282081604,4.759995937347412,1.7751171588897705,1.5175544023513794
192,19300,4.212200164794922,4.111987113952637,2.5958573818206787,2.3177590370178223
193,19400,4.30057430267334,4.325889587402344,2.1373441219329834,2.1386494636535645
194,19500,3.9751062393188477,4.1298322677612305,2.541372060775757,2.3307275772094727
195,19600,4.672809600830078,4.432779312133789,1.841294288635254,1.7740538120269775
196,19700,4.435304641723633,4.445810794830322,2.153787136077881,1.8312342166900635
197,19800,4.707912445068359,4.263370513916016,2.3521907329559326,1.8470267057418823
198,19900,4.513841152191162,4.624492645263672,2.193514823913574,1.7771599292755127
199,20000,4.20339298248291,4.484817028045654,2.1748363971710205,2.2838313579559326
200,20100,4.336095809936523,4.12359619140625,2.2269697189331055,2.25632905960083
201,20200,4.268906593322754,4.326211929321289,2.1653528213500977,1.8726224899291992
202,20300,4.653790473937988,4.54654598236084,1.9262404441833496,1.9262030124664307
203,20400,4.378046989440918,5.869107246398926,1.8254722356796265,1.8083293437957764
204,20500,4.742278575897217,4.660298824310303,1.9115915298461914,1.6508136987686157
205,20600,4.35374641418457,4.350467681884766,2.067204713821411,1.9641695022583008
206,20700,4.323653221130371,4.17460823059082,2.069408416748047,2.1493940353393555
207,20800,4.3349080085754395,3.9814200401306152,2.407708168029785,2.2236440181732178
208,20900,4.36769437789917,4.607112884521484,1.8486745357513428,1.8666467666625977
209,21000,4.3173370361328125,4.431639671325684,2.119296073913574,2.1600148677825928
210,21100,4.11361837387085,4.026468753814697,2.3242573738098145,2.3638336658477783
211,21200,4.521823883056641,8.198126792907715,1.7927906513214111,1.5694963932037354
212,21300,4.199629306793213,4.300209999084473,2.4323954582214355,2.109179973602295
213,21400,4.269798278808594,4.45754861831665,2.2092416286468506,1.8270070552825928
214,21500,4.450343132019043,4.452333450317383,1.9076303243637085,1.9882235527038574
215,21600,4.157481670379639,4.1136980056762695,2.563427448272705,2.083101511001587
216,21700,4.4998459815979,4.709151744842529,1.7250196933746338,1.7019548416137695
217,21800,4.570087432861328,5.411927223205566,1.7388770580291748,1.8774807453155518
218,21900,4.272729873657227,4.221925258636475,2.437753677368164,2.2084336280822754
219,22000,4.443274974822998,4.351210594177246,1.9308542013168335,1.908947467803955
220,22100,4.259023666381836,6.823195457458496,1.8006953001022339,1.6305444240570068
221,22200,4.2088623046875,4.972474575042725,1.9273881912231445,1.9451600313186646
222,22300,4.722195625305176,4.7923736572265625,2.943234920501709,2.1499416828155518
223,22400,4.339691638946533,4.437259674072266,2.3627567291259766,2.31852388381958
224,22500,4.286986351013184,4.309936046600342,2.3025381565093994,2.38627290725708
225,22600,4.441784858703613,4.237953186035156,1.8263105154037476,1.8425372838974
226,22700,4.377256870269775,4.574164390563965,2.2529430389404297,1.9079222679138184
227,22800,4.281606674194336,4.390271186828613,2.1606521606445312,1.823190689086914
228,22900,4.3540802001953125,4.500161170959473,2.18989634513855,1.957323670387268
229,23000,4.667598724365234,4.2261505126953125,2.330897808074951,1.871894359588623
230,23100,4.078520774841309,4.678483009338379,2.390026330947876,1.870593547821045
231,23200,4.355860710144043,4.947429656982422,1.9757012128829956,1.7035552263259888
232,23300,4.486531734466553,4.523430347442627,2.06674861907959,1.9122360944747925
233,23400,4.402444839477539,4.2041015625,1.8797063827514648,1.8082911968231201
234,23500,7.241482257843018,4.692924499511719,2.198996067047119,2.1818456649780273
235,23600,4.627447605133057,4.318495273590088,2.2106051445007324,1.9024691581726074
236,23700,4.157018184661865,4.0433220863342285,2.4428067207336426,2.1557788848876953
237,23800,4.338096618652344,4.135646343231201,2.9232921600341797,2.7953803539276123
238,23900,4.748991012573242,5.546115875244141,1.4000537395477295,1.4750243425369263
239,24000,4.542208671569824,4.86301851272583,2.0210630893707275,1.6403484344482422
240,24100,4.402642726898193,4.375954627990723,2.1501095294952393,1.9750616550445557
241,24200,4.87241268157959,4.988386631011963,1.6967377662658691,1.513148546218872
242,24300,4.493154525756836,4.680096626281738,1.9677951335906982,1.6330052614212036
243,24400,4.761436939239502,4.669536590576172,1.8523101806640625,1.5972806215286255
244,24500,4.813094615936279,4.609146595001221,1.8788825273513794,1.5166981220245361
245,24600,4.134979248046875,4.605019569396973,2.061199426651001,2.02293062210083
246,24700,4.275883197784424,4.344995498657227,2.1646816730499268,1.9648621082305908
247,24800,4.617130756378174,4.703649997711182,1.9505774974822998,1.6347675323486328
248,24900,4.816290855407715,5.000021457672119,1.5000759363174438,1.4537774324417114
249,25000,3.9556825160980225,3.901867389678955,2.6488234996795654,2.431643486022949
250,25100,3.953702449798584,5.055726528167725,2.2063539028167725,1.5980626344680786
251,25200,4.367198467254639,4.2664642333984375,2.89886736869812,2.396247386932373
252,25300,4.072969913482666,5.3497090339660645,1.966191291809082,1.6873172521591187
253,25400,5.018184661865234,5.333662033081055,1.665355920791626,1.7117387056350708
254,25500,4.488571643829346,4.6165690422058105,2.3528635501861572,2.027817487716675
255,25600,4.161837100982666,4.418519973754883,2.2995409965515137,2.0724024772644043
256,25700,5.013647079467773,4.252140045166016,1.7366052865982056,1.744593620300293
257,25800,4.478343963623047,4.6207275390625,1.703042984008789,1.57694673538208
258,25900,4.1958537101745605,4.077448844909668,2.6847774982452393,2.665830135345459
259,26000,4.069518566131592,4.077527046203613,3.1622462272644043,2.119166374206543
260,26100,4.582351207733154,4.256356239318848,2.1005373001098633,2.3627383708953857
261,26200,4.147021293640137,4.307929515838623,2.362114429473877,2.1704585552215576
262,26300,4.215396404266357,4.431220054626465,2.0648193359375,1.98628568649292
263,26400,4.168039321899414,3.870975971221924,3.04115629196167,2.985928773880005
264,26500,4.311056137084961,4.16361665725708,2.2535464763641357,2.3080334663391113
265,26600,4.381997108459473,4.234842300415039,2.449617624282837,2.4087023735046387
266,26700,4.233634948730469,4.246101379394531,2.2311577796936035,1.7935822010040283
267,26800,4.371616363525391,4.604087829589844,1.8940333127975464,2.0117030143737793
268,26900,4.647496223449707,4.4265594482421875,2.2217836380004883,2.1038031578063965
269,27000,5.126760959625244,4.1690287590026855,2.08851957321167,2.1465439796447754
270,27100,4.528635501861572,4.920169353485107,1.7427173852920532,1.6309027671813965
271,27200,4.577942848205566,4.843615531921387,1.7413325309753418,2.0079760551452637
272,27300,4.511134147644043,4.196506500244141,1.9669952392578125,2.2558956146240234
273,27400,4.2720112800598145,4.1401472091674805,2.004328489303589,2.351518154144287
274,27500,4.250280857086182,4.252870559692383,2.063673973083496,2.1437759399414062
275,27600,4.717092514038086,8.694329261779785,1.6587573289871216,1.512829065322876
276,27700,4.147232532501221,5.1023054122924805,2.1730315685272217,1.8757500648498535
277,27800,4.658058166503906,5.063053607940674,1.66412353515625,1.5090934038162231
278,27900,5.337502479553223,4.580321311950684,2.02712082862854,2.038346529006958
279,28000,4.7772979736328125,4.313287734985352,1.955824375152588,1.7482819557189941
280,28100,4.193615436553955,4.458198070526123,2.2438158988952637,1.9591796398162842
281,28200,4.213650703430176,4.444442272186279,2.2358343601226807,1.8764067888259888
282,28300,3.985747814178467,3.9730100631713867,2.315973997116089,2.5523924827575684
283,28400,4.053720474243164,4.069701671600342,3.098630428314209,2.3124399185180664
284,28500,4.199051380157471,4.541378974914551,2.0606136322021484,1.661884069442749
285,28600,4.431020736694336,4.23228645324707,2.105055093765259,2.107449531555176
286,28700,4.058840751647949,3.93148136138916,2.976600170135498,2.2959578037261963
287,28800,4.41958475112915,4.298190116882324,2.3488869667053223,1.9400806427001953
288,28900,4.677063941955566,5.141179084777832,1.4922666549682617,1.5698606967926025
289,29000,4.822332382202148,4.544477939605713,2.029609441757202,1.8300273418426514
290,29100,4.003291606903076,5.692991256713867,2.821943998336792,2.097256660461426
291,29200,4.287337303161621,5.145935535430908,1.953536033630371,2.0548033714294434
292,29300,4.090981483459473,4.037373065948486,2.615926742553711,2.5001142024993896
293,29400,4.923023223876953,4.34975528717041,2.0552358627319336,1.7659125328063965
294,29500,3.8959662914276123,4.118272304534912,2.884871482849121,2.3316283226013184
295,29600,4.705669403076172,4.081934928894043,2.4473488330841064,2.1285901069641113
296,29700,4.1018171310424805,4.146478652954102,2.1990909576416016,2.037471294403076
297,29800,4.065418720245361,4.268669605255127,2.7875595092773438,2.7240397930145264
298,29900,4.026279926300049,3.9843993186950684,2.7487869262695312,2.3831369876861572
299,30000,4.588947772979736,5.782856464385986,2.169684648513794,1.7183537483215332
300,30100,4.194289207458496,4.54380464553833,2.2019481658935547,2.164924144744873
301,30200,4.604161739349365,4.415102005004883,2.154872417449951,2.065500497817993
302,30300,4.2574052810668945,4.356924057006836,2.171834707260132,2.1645796298980713
303,30400,4.128533363342285,4.475052833557129,2.443164348602295,2.702333927154541
304,30500,4.793020248413086,4.619264602661133,1.7968474626541138,1.8350774049758911
305,30600,4.465568542480469,4.153337478637695,2.022587299346924,2.1493301391601562
306,30700,6.030713081359863,4.085141658782959,2.0679867267608643,1.923323154449463
307,30800,5.065523147583008,4.694510459899902,1.7092082500457764,1.4796720743179321
308,30900,4.286051273345947,5.033994674682617,1.9560520648956299,1.9512279033660889
309,31000,4.510379791259766,4.732147216796875,1.9928374290466309,1.8656885623931885
310,31100,5.235502243041992,4.748776435852051,1.7194513082504272,1.608872890472412
311,31200,4.402737617492676,4.001335620880127,2.4226951599121094,2.410172462463379
312,31300,4.175541877746582,3.995389938354492,2.8260159492492676,2.670466661453247
313,31400,4.40229606628418,4.34625244140625,2.0604214668273926,2.0236096382141113
314,31500,4.37532901763916,5.552301406860352,1.8623206615447998,1.6192970275878906
315,31600,4.33638334274292,4.69374942779541,2.020353317260742,2.0519938468933105
316,31700,4.060816287994385,3.822032928466797,2.984593152999878,3.106158494949341
317,31800,4.296262741088867,4.208870887756348,2.297823667526245,1.9633874893188477
318,31900,4.082542419433594,4.077349662780762,2.5522093772888184,2.114949941635132
319,32000,4.319985389709473,3.863652229309082,2.7261383533477783,3.2683544158935547
320,32100,4.58014440536499,4.843874931335449,2.0800938606262207,1.86672842502594
321,32200,4.2289137840271,4.333261489868164,2.3797664642333984,1.9475808143615723
322,32300,4.247720718383789,4.4884843826293945,2.48114275932312,2.406777858734131
323,32400,4.289028644561768,4.297184944152832,1.9183493852615356,1.9125885963439941
324,32500,4.394396781921387,5.429023742675781,2.39656662940979,1.8535687923431396
325,32600,4.462953567504883,4.28223180770874,2.212796449661255,2.456622838973999
326,32700,4.175624847412109,4.633627891540527,2.187431812286377,2.1816792488098145
327,32800,4.32558536529541,4.330062389373779,2.069225549697876,2.0112829208374023
328,32900,4.2104620933532715,4.00922966003418,2.8785183429718018,2.4226760864257812
329,33000,4.170356750488281,4.084856986999512,2.613095760345459,2.737122058868408
330,33100,4.977216720581055,7.071145057678223,1.350499153137207,1.3612818717956543
331,33200,4.519359588623047,4.4381208419799805,2.1901731491088867,2.278547763824463
332,33300,3.869532585144043,4.147857189178467,2.7438013553619385,2.430067300796509
333,33400,4.34265661239624,4.261110305786133,2.157308340072632,1.708282470703125
334,33500,4.280048370361328,4.19013786315918,2.3105506896972656,2.1253457069396973
335,33600,4.028863430023193,4.905428886413574,1.9621872901916504,1.9390203952789307
336,33700,4.658398628234863,4.568338394165039,1.709320068359375,2.175388813018799
337,33800,4.319033622741699,4.323841094970703,2.4392471313476562,2.1342720985412598
338,33900,3.8929920196533203,3.8639421463012695,3.120543956756592,2.9609172344207764
339,34000,6.240365505218506,4.250452518463135,1.6599137783050537,1.778470754623413
340,34100,3.954866409301758,4.044877529144287,2.5306642055511475,2.03416109085083
341,34200,4.179603576660156,3.9878735542297363,2.1604652404785156,2.523984432220459
342,34300,4.217441558837891,4.05320930480957,2.3771066665649414,2.5927252769470215
343,34400,4.165877342224121,4.205902099609375,2.3278117179870605,2.2385618686676025
344,34500,4.135972023010254,4.157772541046143,3.0596063137054443,2.4307382106781006
345,34600,3.8233704566955566,4.048851490020752,2.4617691040039062,2.743722915649414
346,34700,4.259801387786865,4.660433769226074,1.9453985691070557,1.671473741531372
347,34800,4.070986747741699,4.001606464385986,2.5080857276916504,2.479753017425537
348,34900,4.216974258422852,4.15086555480957,2.4129385948181152,2.4032552242279053
349,35000,4.387519836425781,4.212004661560059,2.0775606632232666,1.844663381576538
350,35100,4.1547441482543945,4.939088821411133,2.2673332691192627,2.0138022899627686
351,35200,4.042466640472412,4.805333137512207,2.4584097862243652,2.3798584938049316
352,35300,4.054245948791504,4.4399919509887695,2.6081018447875977,2.7048211097717285
353,35400,5.060437202453613,4.250494956970215,2.3249073028564453,1.9613744020462036
354,35500,4.040854454040527,3.9076318740844727,2.9125595092773438,2.3318302631378174
355,35600,4.340198040008545,3.942166805267334,2.3253259658813477,2.2147979736328125
356,35700,3.9595208168029785,4.073770523071289,3.1623847484588623,2.6914429664611816
357,35800,5.2392258644104,4.149796962738037,2.242151975631714,1.8420629501342773
358,35900,4.322400093078613,4.2541890144348145,2.5897793769836426,2.74239444732666
359,36000,4.031651020050049,3.8304762840270996,3.0149025917053223,2.4008617401123047
360,36100,4.17205286026001,3.9886884689331055,3.450256824493408,2.6519057750701904
361,36200,4.404388427734375,4.815857887268066,2.006068706512451,2.0229833126068115
362,36300,3.948852062225342,4.340448379516602,2.4441516399383545,1.770389199256897
363,36400,4.367420196533203,4.371127128601074,2.5276501178741455,2.2898759841918945
364,36500,5.0291218757629395,4.012439250946045,2.4707581996917725,2.7135519981384277
365,36600,4.526561737060547,4.900523662567139,2.5276877880096436,1.9927157163619995
366,36700,6.157900333404541,5.232067108154297,1.5216684341430664,1.3415791988372803
367,36800,4.491783142089844,4.219226360321045,2.004732131958008,2.021514892578125
368,36900,4.1003851890563965,4.300858020782471,2.525341749191284,2.5965633392333984
369,37000,4.0480194091796875,6.88783073425293,1.956355094909668,2.339304208755493
370,37100,4.155760765075684,5.513235092163086,1.925697922706604,1.8734283447265625
371,37200,6.215351104736328,4.106169700622559,1.8418991565704346,1.9187512397766113
372,37300,4.345823287963867,4.177345275878906,2.8050179481506348,2.0014255046844482
373,37400,4.420040130615234,4.10753870010376,2.1588807106018066,1.8849389553070068
374,37500,4.18056058883667,4.1195220947265625,2.476804256439209,1.9119075536727905
375,37600,4.171815872192383,4.015771389007568,2.6095428466796875,2.568439245223999
376,37700,4.274150848388672,4.017305374145508,2.485722541809082,2.285688877105713
377,37800,4.320721626281738,4.871850967407227,2.1702256202697754,1.978311538696289
378,37900,4.3795390129089355,4.816247940063477,1.886886477470398,1.7899320125579834
379,38000,4.250452041625977,4.276031970977783,2.425745725631714,2.6414952278137207
380,38100,4.379557132720947,4.356796741485596,2.6401243209838867,2.3591842651367188
381,38200,4.383866310119629,4.4740095138549805,2.0777463912963867,2.0072076320648193
382,38300,4.3518877029418945,4.195427894592285,2.1508166790008545,1.986563801765442
383,38400,4.305675029754639,4.268194198608398,1.8262691497802734,1.9391487836837769
384,38500,5.243832588195801,4.305208206176758,1.9685180187225342,2.1366403102874756
385,38600,4.84585428237915,4.176822662353516,1.8986334800720215,2.059492826461792
386,38700,4.032520771026611,3.6850085258483887,3.4027740955352783,2.6110033988952637
387,38800,3.9298343658447266,4.203644752502441,2.3815479278564453,2.2448363304138184
388,38900,4.068829536437988,3.7990078926086426,2.8823676109313965,2.8374104499816895
389,39000,3.907994508743286,3.9332799911499023,3.1739890575408936,3.1067628860473633
390,39100,4.153125762939453,4.389455795288086,2.167996644973755,2.121389865875244
391,39200,4.704699516296387,4.323958396911621,2.2271058559417725,1.653773546218872
392,39300,4.237790107727051,4.1528778076171875,2.5352272987365723,2.735290050506592
393,39400,4.162862777709961,4.987204551696777,2.1903505325317383,2.2899410724639893
394,39500,4.223030090332031,4.773647785186768,1.8297046422958374,1.9385080337524414
395,39600,4.266994476318359,4.005321502685547,2.8469018936157227,2.411527156829834
396,39700,4.084806442260742,4.158653259277344,2.367516279220581,1.964127779006958
397,39800,5.175795555114746,4.452837944030762,1.7322776317596436,1.5364842414855957
398,39900,4.073263168334961,4.007904052734375,2.7871716022491455,2.820293426513672
399,40000,4.5002827644348145,4.1499128341674805,2.204423666000366,1.8961513042449951
400,40100,4.242699146270752,3.935549259185791,2.5076003074645996,2.048696756362915
401,40200,4.316296100616455,4.351049423217773,2.3370635509490967,2.23805832862854
402,40300,4.08795166015625,4.721290111541748,3.113468885421753,2.5599169731140137
403,40400,4.040910720825195,3.911552906036377,1.9898778200149536,2.8555493354797363
404,40500,4.183025360107422,4.039445877075195,2.7937755584716797,2.5763964653015137
405,40600,4.553199291229248,3.9923484325408936,2.147167682647705,2.2082605361938477
406,40700,4.252187252044678,4.522823333740234,1.9686908721923828,1.9329631328582764
407,40800,4.177004814147949,4.266807556152344,2.1158440113067627,2.236427068710327
408,40900,4.196856498718262,4.623380184173584,1.7588818073272705,1.676937460899353
409,41000,4.4041900634765625,4.68704891204834,1.9982354640960693,1.7810503244400024
410,41100,3.9837169647216797,4.310612678527832,2.3230977058410645,2.0864059925079346
411,41200,4.1057000160217285,3.9765961170196533,2.8452043533325195,2.6914632320404053
412,41300,4.022342681884766,3.797771453857422,2.825275182723999,2.3032350540161133
413,41400,4.077610969543457,4.07324743270874,2.6008377075195312,2.2979636192321777
414,41500,4.386830806732178,4.423675537109375,2.4023125171661377,2.103199005126953
415,41600,4.462223052978516,4.765887260437012,1.6576380729675293,1.7078652381896973
416,41700,4.107542991638184,4.356167793273926,2.3225271701812744,2.2190163135528564
417,41800,3.700314521789551,4.365783214569092,3.0892035961151123,2.828050136566162
418,41900,4.3516082763671875,4.530731201171875,1.7221986055374146,1.7098034620285034
419,42000,4.166130065917969,4.408259391784668,2.2052221298217773,2.426751136779785
420,42100,4.257103443145752,4.641263961791992,2.597062587738037,2.987779140472412
421,42200,3.97770357131958,4.0713605880737305,2.7678627967834473,2.2164480686187744
422,42300,4.357987403869629,5.766560077667236,1.7574543952941895,1.633889079093933
423,42400,4.33180570602417,4.325924396514893,1.9756474494934082,1.8709194660186768
424,42500,3.855952262878418,5.382420539855957,2.6581499576568604,2.7876083850860596
425,42600,3.9364120960235596,4.714207649230957,2.078037977218628,2.112389326095581
426,42700,4.090052127838135,4.367209434509277,2.274857759475708,2.2304811477661133
427,42800,3.9367754459381104,3.965441942214966,2.897947072982788,2.901165723800659
428,42900,4.483476638793945,3.8453097343444824,2.763390064239502,2.7295596599578857
429,43000,4.221358299255371,4.25225830078125,2.886166572570801,2.7204396724700928
430,43100,3.9960989952087402,4.0779571533203125,2.2619149684906006,2.4161322116851807
431,43200,4.162568092346191,4.033568382263184,2.2829668521881104,2.207930326461792
432,43300,5.442968368530273,4.125956058502197,2.282548427581787,2.1285510063171387
433,43400,4.960444450378418,3.978121280670166,2.446478843688965,2.4299559593200684
434,43500,5.485206604003906,3.8935279846191406,1.9823474884033203,2.154259443283081
435,43600,4.291241645812988,4.210317134857178,2.086054563522339,1.8414422273635864
436,43700,4.4530181884765625,4.06143856048584,2.4416165351867676,1.9706590175628662
437,43800,4.23061466217041,5.09231424331665,1.932100772857666,1.9646131992340088
438,43900,4.28209924697876,5.176547527313232,2.081723928451538,1.8816490173339844
439,44000,4.43484354019165,3.901207447052002,2.5865306854248047,1.998887062072754
440,44100,3.6922850608825684,4.060234069824219,2.5538487434387207,2.7932634353637695
441,44200,4.117075443267822,4.179107666015625,2.510615348815918,2.3627002239227295
442,44300,4.169893264770508,4.28304386138916,2.1088037490844727,2.0997676849365234
443,44400,4.253506183624268,3.978152275085449,2.576666831970215,2.614342212677002
444,44500,4.2172651290893555,4.987662315368652,1.8033720254898071,1.9118216037750244
445,44600,4.3866753578186035,4.257563591003418,2.0452065467834473,2.2392418384552
446,44700,4.147424697875977,5.5398430824279785,2.4326658248901367,1.9612784385681152
447,44800,4.840312480926514,3.937877655029297,2.217782974243164,2.4568986892700195
448,44900,3.7572741508483887,3.8125038146972656,3.477229118347168,2.5536675453186035
449,45000,4.3241729736328125,4.161324501037598,2.413602828979492,2.541762351989746
450,45100,4.773531913757324,4.536163806915283,1.914443016052246,1.6002686023712158
451,45200,3.9922728538513184,4.03547477722168,2.2120566368103027,3.053590774536133
452,45300,4.509737014770508,4.796882629394531,1.8577284812927246,1.7190041542053223
453,45400,4.124776363372803,4.081777095794678,2.5748486518859863,2.566737413406372
454,45500,3.717561721801758,3.753823757171631,2.7623586654663086,2.378934860229492
455,45600,4.256381511688232,4.577534198760986,1.7347588539123535,1.7525041103363037
456,45700,4.095736503601074,4.241822719573975,2.536479949951172,1.9540202617645264
457,45800,4.396190643310547,4.414090156555176,2.073183298110962,1.8758172988891602
458,45900,4.402350425720215,4.554826736450195,2.112328290939331,2.3192195892333984
459,46000,4.92893648147583,4.092287540435791,2.7005162239074707,2.054521083831787
460,46100,4.394221782684326,4.2642998695373535,2.6991283893585205,2.2673120498657227
461,46200,4.271794319152832,4.31953239440918,2.4301905632019043,1.8707952499389648
462,46300,4.23297119140625,4.308667182922363,1.9235285520553589,2.220956325531006
463,46400,4.194835662841797,4.280804634094238,2.144312858581543,1.762574315071106
464,46500,4.335383415222168,3.97920560836792,2.9460644721984863,2.863323450088501
465,46600,4.442273139953613,4.286670684814453,2.245758533477783,2.377053737640381
466,46700,4.618188858032227,4.35107946395874,2.08176326751709,1.7759177684783936
467,46800,3.9545540809631348,4.1994476318359375,2.572500467300415,2.92417049407959
468,46900,4.698425769805908,4.430859565734863,1.961683750152588,1.803511619567871
469,47000,4.2471818923950195,4.101533889770508,2.680466413497925,2.122500419616699
470,47100,4.534483432769775,4.447638988494873,2.0236661434173584,2.1269991397857666
471,47200,3.93265438079834,4.049435615539551,3.0354838371276855,2.5096092224121094
472,47300,4.479185104370117,4.320636749267578,1.8123562335968018,1.4652782678604126
473,47400,3.9635720252990723,4.904726982116699,2.4656105041503906,2.1961824893951416
474,47500,4.12159538269043,5.7370476722717285,2.3191089630126953,2.1103694438934326
475,47600,4.183780670166016,4.4346537590026855,2.820312023162842,2.411785125732422
476,47700,4.151008605957031,4.406233310699463,2.4549574851989746,2.252333641052246
477,47800,4.960229873657227,10.799847602844238,1.3669509887695312,1.343322515487671
478,47900,4.327946186065674,4.412112712860107,2.3376107215881348,1.9521101713180542
479,48000,4.274744987487793,4.15122127532959,2.4045772552490234,2.073509454727173
480,48100,4.058647155761719,4.266496658325195,2.2195193767547607,2.1335811614990234
481,48200,3.928452491760254,3.936756134033203,2.9073495864868164,3.2284483909606934
482,48300,3.777249813079834,3.822390556335449,2.6751136779785156,2.434598445892334
483,48400,4.2247161865234375,4.62831974029541,1.810852289199829,1.9202518463134766
484,48500,3.7465438842773438,3.919466972351074,3.105802536010742,3.1138641834259033
485,48600,4.406275749206543,4.35511589050293,2.2267327308654785,2.255697250366211
486,48700,3.9084267616271973,3.9875247478485107,2.756944179534912,2.527099132537842
487,48800,4.216777324676514,4.216944694519043,2.586275577545166,2.7910852432250977
488,48900,4.237447261810303,4.470920562744141,2.3873419761657715,2.357302188873291
489,49000,4.549202919006348,4.297100067138672,1.962806224822998,2.02761173248291
490,49100,3.8609113693237305,3.9610774517059326,2.6082470417022705,2.810441255569458
491,49200,3.9528417587280273,3.914185047149658,2.775503635406494,1.7787787914276123
492,49300,3.915658950805664,3.8513007164001465,3.2773501873016357,2.7923755645751953
493,49400,3.764099597930908,4.1065545082092285,2.9524588584899902,2.564079761505127
494,49500,3.9881882667541504,3.8021254539489746,2.907578945159912,3.2141244411468506
495,49600,5.167737007141113,4.512688636779785,1.637998104095459,1.5984221696853638
496,49700,3.9119489192962646,3.8752074241638184,2.990753173828125,2.625631809234619
497,49800,3.9417502880096436,5.888969421386719,1.8571958541870117,1.8546338081359863
498,49900,4.234065532684326,4.12798547744751,2.9941585063934326,3.0407114028930664
499,50000,4.269665718078613,4.5446858406066895,1.9201407432556152,2.3025264739990234
500,50100,4.235151767730713,5.008883476257324,1.5765024423599243,1.5003479719161987
501,50200,4.406956672668457,4.446464538574219,2.3274099826812744,2.263848066329956
502,50300,4.218421936035156,4.304915428161621,2.284759521484375,1.8319499492645264
503,50400,4.364983081817627,4.730742931365967,1.6718904972076416,1.526029348373413
504,50500,3.9941279888153076,4.23252010345459,2.730334758758545,2.5423569679260254
505,50600,3.7952723503112793,4.065570831298828,2.242342233657837,2.5314674377441406
506,50700,3.9989068508148193,4.337926864624023,2.536074638366699,2.014333724975586
507,50800,4.444928169250488,4.071677207946777,2.1838696002960205,1.901279330253601
508,50900,9.02139663696289,4.005825519561768,2.2432291507720947,1.8632593154907227
509,51000,5.3416008949279785,4.692761421203613,1.4347991943359375,1.5520710945129395
510,51100,3.9697389602661133,3.925914764404297,3.0827646255493164,2.4307615756988525
511,51200,4.104959964752197,13.397895812988281,2.2771127223968506,1.7702410221099854
512,51300,4.342379093170166,4.743926048278809,2.1597204208374023,1.962283968925476
513,51400,4.073813438415527,4.579084396362305,2.913621187210083,2.494115114212036
514,51500,4.8628644943237305,4.2352471351623535,1.900962471961975,1.7898290157318115
515,51600,4.550236225128174,4.149918079376221,2.0836501121520996,2.3726468086242676
516,51700,4.098078727722168,6.076505661010742,1.4804282188415527,1.4764683246612549
517,51800,4.2696428298950195,6.925762176513672,1.68837571144104,1.5401946306228638
518,51900,4.446673393249512,13.044076919555664,1.8371367454528809,1.4564292430877686
519,52000,4.234253883361816,4.305538177490234,2.4868357181549072,2.102849006652832
520,52100,4.4521260261535645,4.1308135986328125,1.8184549808502197,1.6911206245422363
521,52200,4.924516677856445,4.557323455810547,2.565603733062744,2.716073989868164
522,52300,4.267141342163086,3.715324878692627,2.56777024269104,2.645815134048462
523,52400,4.787194728851318,4.14894437789917,2.1689460277557373,2.0344796180725098
524,52500,3.7333033084869385,5.817647457122803,2.587113618850708,2.4374821186065674
525,52600,4.560668468475342,6.320296287536621,1.7538527250289917,1.5897231101989746
526,52700,3.9959030151367188,4.579589366912842,2.2165188789367676,1.8745421171188354
527,52800,4.212493896484375,5.9980268478393555,1.953120231628418,1.8924845457077026
528,52900,4.831586837768555,4.721985816955566,1.8571577072143555,1.9056203365325928
529,53000,4.068495273590088,3.8699965476989746,2.5237619876861572,2.312574625015259
530,53100,4.018753528594971,8.47661304473877,1.8636112213134766,2.117490530014038
531,53200,4.234632968902588,4.396978378295898,2.4378480911254883,2.2881925106048584
532,53300,4.0785722732543945,4.109490871429443,2.239649534225464,2.1896591186523438
533,53400,3.95147705078125,4.109946250915527,2.542797088623047,2.412616491317749
534,53500,4.113185405731201,4.078871726989746,2.7710704803466797,2.977149248123169
535,53600,4.289252281188965,4.302510738372803,2.347405433654785,2.5975513458251953
536,53700,4.58609676361084,4.029422760009766,2.7186319828033447,2.881345748901367
537,53800,4.284636974334717,3.812070846557617,2.0380072593688965,2.2156736850738525
538,53900,4.264918327331543,4.591307640075684,3.1629130840301514,2.182098865509033
539,54000,3.893982172012329,3.8213882446289062,3.2851052284240723,2.7113537788391113
540,54100,4.038473606109619,5.820420265197754,3.143190860748291,2.58575177192688
541,54200,4.385297775268555,4.570929527282715,1.8024451732635498,1.579667091369629
542,54300,4.3845953941345215,4.3308329582214355,2.2803094387054443,2.264345169067383
543,54400,4.195210933685303,4.483466625213623,2.5736727714538574,2.595264434814453
544,54500,3.8726820945739746,4.008625030517578,2.405869245529175,2.4656169414520264
545,54600,4.158113479614258,3.920621156692505,2.372708797454834,3.037728786468506
546,54700,4.326831817626953,4.012303352355957,2.6452786922454834,2.239255428314209
547,54800,6.4854512214660645,4.657485008239746,1.9936481714248657,2.820115566253662
548,54900,4.269767761230469,3.975360631942749,2.9151618480682373,2.8595621585845947
549,55000,4.671666622161865,3.9310154914855957,2.233503818511963,2.3546361923217773
550,55100,4.44506311416626,4.821978569030762,1.8018536567687988,1.7908895015716553
551,55200,4.773873805999756,4.185397148132324,2.111912727355957,1.9532052278518677
552,55300,3.8012094497680664,3.9111995697021484,2.781959056854248,2.3795242309570312
553,55400,4.188226222991943,4.1019134521484375,2.262213706970215,2.363640069961548
554,55500,4.357854843139648,4.180625915527344,2.081747531890869,2.203758955001831
555,55600,4.481107234954834,3.8916428089141846,2.718839406967163,2.3708367347717285
556,55700,5.698494911193848,4.420151710510254,2.159515380859375,2.5082004070281982
557,55800,3.928227424621582,4.046520709991455,2.2848117351531982,2.1991117000579834
558,55900,5.391887664794922,4.597765922546387,1.5141208171844482,1.811754822731018
559,56000,4.233330249786377,4.3097991943359375,2.7818362712860107,2.2106688022613525
560,56100,4.002975940704346,3.9039459228515625,2.5205283164978027,2.7101354598999023
561,56200,4.182682991027832,4.429604530334473,1.825244426727295,1.7001125812530518
562,56300,4.182584762573242,4.291445732116699,1.9943703413009644,2.1501247882843018
563,56400,4.162480354309082,4.021575927734375,2.451982021331787,2.1189053058624268
564,56500,3.8282113075256348,4.128885746002197,2.883193254470825,3.0454471111297607
565,56600,4.0168232917785645,4.323483943939209,1.858992338180542,2.1999568939208984
566,56700,4.3680315017700195,4.691716194152832,1.7494562864303589,2.1505274772644043
567,56800,4.119497299194336,3.809429168701172,3.6393439769744873,3.0365002155303955
568,56900,3.9110281467437744,4.103512763977051,2.765059471130371,2.4681034088134766
569,57000,4.539666175842285,3.895260810852051,2.6437480449676514,2.6706466674804688
570,57100,4.332215785980225,4.030845642089844,2.0662596225738525,2.1717076301574707
571,57200,4.461794853210449,4.426944255828857,2.303521156311035,1.6481754779815674
572,57300,3.972468852996826,4.006632328033447,2.4914488792419434,2.6252312660217285
573,57400,4.443996906280518,4.30329704284668,1.6344778537750244,1.5086569786071777
574,57500,4.175111293792725,4.013286113739014,2.409867763519287,2.2164180278778076
575,57600,6.7619123458862305,4.218193054199219,3.095069646835327,2.1846115589141846
576,57700,3.913754940032959,3.9524919986724854,2.9739761352539062,2.4803578853607178
577,57800,3.940864086151123,3.932591438293457,2.371356964111328,2.5986602306365967
578,57900,4.051336288452148,4.0130510330200195,2.2578213214874268,2.153111219406128
579,58000,4.030205249786377,4.1827311515808105,2.0975239276885986,2.004950523376465
580,58100,3.9799208641052246,4.363100528717041,2.0020689964294434,2.356776714324951
581,58200,3.8912014961242676,4.071173667907715,2.848376989364624,2.6683876514434814
582,58300,4.898024559020996,4.022138595581055,2.2490360736846924,2.1824705600738525
583,58400,4.71851921081543,5.329935073852539,1.7753007411956787,1.4851586818695068
584,58500,4.086108207702637,4.049615859985352,2.18381404876709,2.1498513221740723
585,58600,4.140661239624023,4.203077793121338,3.298978328704834,3.1159815788269043
586,58700,3.833916187286377,4.491877555847168,2.673161745071411,2.9145255088806152
587,58800,4.274109840393066,3.8561174869537354,2.717564582824707,2.627028703689575
588,58900,4.183389186859131,3.8867745399475098,2.740234375,2.3487017154693604
589,59000,3.8556642532348633,4.454551696777344,2.4969112873077393,2.086613655090332
590,59100,4.160611629486084,4.074336051940918,2.459059715270996,2.4298038482666016
591,59200,4.553467750549316,4.524231910705566,1.6015965938568115,1.6645821332931519
592,59300,4.035233974456787,4.17877721786499,2.4951586723327637,2.5395865440368652
593,59400,4.030904293060303,4.080962657928467,2.18023681640625,1.8272373676300049
594,59500,4.015077114105225,5.820364475250244,2.0491461753845215,2.1932504177093506
595,59600,5.1149396896362305,3.995137929916382,2.8185465335845947,1.8125784397125244
596,59700,4.273692607879639,4.260879993438721,1.9494963884353638,2.576411724090576
597,59800,5.821504592895508,3.859994888305664,2.5027668476104736,2.604771852493286
598,59900,4.007396697998047,4.368013381958008,2.266667604446411,2.059415578842163
599,60000,4.060623645782471,4.914362907409668,2.2443065643310547,2.1480493545532227
600,60100,4.337437629699707,3.850712299346924,2.4771268367767334,2.6071481704711914
601,60200,4.2819695472717285,4.456798553466797,1.934767246246338,1.624906301498413
602,60300,4.020716190338135,4.2565598487854,2.2170228958129883,2.144763231277466
603,60400,4.209044456481934,3.9048972129821777,2.7892279624938965,1.9428393840789795
604,60500,4.596616744995117,4.824253559112549,1.86397385597229,1.6074957847595215
605,60600,4.0009307861328125,3.985173225402832,2.8176217079162598,2.7444403171539307
606,60700,4.410970211029053,4.041036128997803,2.276521682739258,2.214522361755371
607,60800,4.392080307006836,4.2942914962768555,1.9475722312927246,2.1667912006378174
608,60900,4.139899730682373,4.218534469604492,2.6294541358947754,2.052777051925659
609,61000,4.4905104637146,6.829648971557617,1.547749638557434,1.499130368232727
610,61100,4.066593170166016,3.7857346534729004,2.5767245292663574,3.3671014308929443
611,61200,4.575977325439453,3.9874143600463867,2.67783260345459,1.9533462524414062
612,61300,3.9098591804504395,4.54521369934082,2.4630320072174072,2.7705185413360596
613,61400,4.49859094619751,4.702398300170898,2.2713327407836914,2.151163339614868
614,61500,4.140665531158447,4.049813270568848,2.4018657207489014,2.2329607009887695
615,61600,5.088452339172363,4.017648220062256,1.8759539127349854,2.0142035484313965
616,61700,4.8482561111450195,4.3313751220703125,1.7642199993133545,1.9392578601837158
617,61800,4.001924991607666,4.246760368347168,2.421274185180664,2.287323236465454
618,61900,3.795424461364746,3.9132189750671387,2.807478904724121,2.3237454891204834
619,62000,3.8877148628234863,3.8579182624816895,2.9733216762542725,2.1630184650421143
620,62100,4.705345153808594,4.1328206062316895,2.4136736392974854,1.7816998958587646
621,62200,3.9448294639587402,4.002048969268799,2.142003297805786,1.9573057889938354
622,62300,4.377259254455566,3.8484408855438232,2.531334400177002,2.3606691360473633
623,62400,4.23285436630249,4.279731273651123,2.1348366737365723,2.2142066955566406
624,62500,3.779644012451172,4.37027645111084,2.8193705081939697,2.4344232082366943
625,62600,4.481971263885498,4.253175735473633,2.7538418769836426,2.703657865524292
626,62700,3.8197648525238037,3.7762451171875,2.708622455596924,2.6676688194274902
627,62800,7.653107166290283,5.193584442138672,1.8373726606369019,2.183279275894165
628,62900,3.914996862411499,4.025558948516846,2.876993179321289,2.941033124923706
629,63000,4.435249328613281,4.241786003112793,2.857222557067871,2.745103597640991
630,63100,3.915328025817871,3.9210119247436523,3.289702892303467,3.385739803314209
631,63200,4.278727054595947,3.813084125518799,2.6201372146606445,3.047957181930542
632,63300,3.9991838932037354,4.012619972229004,2.812042236328125,2.9640395641326904
633,63400,3.731128215789795,3.7961621284484863,3.8958282470703125,3.2328033447265625
634,63500,4.627886772155762,5.33750057220459,1.6495022773742676,1.4061102867126465
635,63600,3.7109055519104004,3.658942937850952,2.546204090118408,2.6119346618652344
636,63700,4.303882598876953,4.317552089691162,2.3353819847106934,1.939906358718872
637,63800,3.8059840202331543,4.976222991943359,2.0325934886932373,2.320984363555908
638,63900,4.731435775756836,4.877880096435547,1.6833593845367432,1.5888097286224365
639,64000,4.6179914474487305,4.230839252471924,1.5391849279403687,1.7355573177337646
640,64100,4.323131561279297,5.195148468017578,1.5710253715515137,2.2607345581054688
641,64200,3.947094678878784,4.015681266784668,3.8794214725494385,3.6227164268493652
642,64300,4.631642818450928,3.633035659790039,3.2075135707855225,2.509915351867676
643,64400,3.900493621826172,4.377530574798584,2.9677839279174805,3.0320208072662354
644,64500,3.9206061363220215,3.984415054321289,2.3522939682006836,2.2042713165283203
645,64600,3.900114059448242,3.8904523849487305,3.3054003715515137,3.224489450454712
646,64700,4.409768581390381,4.5001420974731445,2.4359593391418457,1.8789479732513428
647,64800,3.7993292808532715,4.010629653930664,2.5956034660339355,2.544487476348877
648,64900,4.1940155029296875,4.090320587158203,2.2941596508026123,2.7384238243103027
649,65000,3.9860572814941406,4.549901962280273,2.2943525314331055,2.2382307052612305
650,65100,4.084259033203125,4.3694915771484375,2.837246894836426,2.067078113555908
651,65200,5.1954569816589355,8.487770080566406,1.5754098892211914,1.5576746463775635
652,65300,4.135012626647949,4.6251726150512695,2.0234134197235107,1.826206088066101
653,65400,3.8206498622894287,3.9516749382019043,2.073366165161133,2.0712573528289795
654,65500,3.8190951347351074,4.198261260986328,2.3332250118255615,2.2932965755462646
655,65600,5.477998733520508,4.036005973815918,3.241086483001709,2.542694091796875
656,65700,5.924957275390625,4.016595840454102,2.316636323928833,2.002195358276367
657,65800,3.8014822006225586,3.8652305603027344,3.0708236694335938,3.068732738494873
658,65900,4.163406848907471,4.471199989318848,2.3149666786193848,2.1180405616760254
659,66000,4.301088809967041,4.0366291999816895,2.3255717754364014,2.0772838592529297
660,66100,3.659541130065918,3.6479580402374268,2.66221022605896,3.3407070636749268
661,66200,6.90275764465332,4.553001880645752,1.4940223693847656,1.466538667678833
662,66300,4.104243278503418,4.475833415985107,2.2776920795440674,2.267515182495117
663,66400,4.139609336853027,4.489607334136963,2.306300640106201,1.8236031532287598
664,66500,3.7951645851135254,3.5815248489379883,3.209737777709961,2.8713278770446777
665,66600,4.196547985076904,4.238185882568359,2.312293529510498,1.6638165712356567
666,66700,4.309597492218018,4.390478610992432,2.8876070976257324,2.4911742210388184
667,66800,3.821518898010254,5.7786970138549805,2.5666663646698,2.446401834487915
668,66900,4.240981101989746,4.2320051193237305,2.344855308532715,1.8105801343917847
669,67000,4.094649314880371,4.281940460205078,2.2124276161193848,2.031505823135376
670,67100,4.454828262329102,4.299808979034424,1.5772775411605835,1.7570685148239136
671,67200,4.0958123207092285,4.2624359130859375,2.075910806655884,2.3408515453338623
672,67300,3.9005820751190186,3.884075164794922,2.8639674186706543,3.333782434463501
673,67400,3.6981029510498047,4.127034664154053,3.038510322570801,2.441999912261963
674,67500,4.921787261962891,4.421160697937012,2.476543426513672,2.0414304733276367
675,67600,5.419991970062256,6.858160972595215,2.2294607162475586,1.837048888206482
676,67700,4.372981071472168,4.005385875701904,3.4286623001098633,2.669973134994507
677,67800,3.707756996154785,4.192988395690918,2.956080675125122,2.8370680809020996
678,67900,4.207995414733887,4.1773834228515625,3.420457124710083,2.9372975826263428
679,68000,4.234635353088379,4.978930473327637,1.884568214416504,2.2769675254821777
680,68100,3.9789745807647705,4.822826385498047,2.349860191345215,2.3056325912475586
681,68200,5.305874824523926,6.539646148681641,1.3835492134094238,1.3439242839813232
682,68300,4.4170098304748535,4.205312728881836,2.426098346710205,3.0016095638275146
683,68400,3.9489076137542725,4.691000938415527,2.831500768661499,3.2049484252929688
684,68500,4.7321977615356445,5.532259941101074,3.6937813758850098,2.828575611114502
685,68600,4.297755241394043,4.096033096313477,2.3691749572753906,2.525078296661377
686,68700,4.29606819152832,4.31783390045166,2.4196183681488037,1.8660643100738525
687,68800,4.0183539390563965,4.2212934494018555,2.9065680503845215,2.7567944526672363
688,68900,4.088395118713379,4.1022114753723145,2.8493471145629883,2.796549081802368
689,69000,4.174186706542969,3.911008834838867,2.4327340126037598,2.487241744995117
690,69100,3.9955005645751953,5.517177581787109,2.398789405822754,2.1285288333892822
691,69200,4.185130596160889,4.087089538574219,2.4250619411468506,2.16654372215271
692,69300,4.965018272399902,4.0989885330200195,2.6303913593292236,2.3550453186035156
693,69400,5.404330253601074,4.341094493865967,2.3817224502563477,2.061056137084961
694,69500,4.088329315185547,4.262783527374268,2.545571804046631,1.9376875162124634
695,69600,4.084517478942871,4.115639686584473,2.5280380249023438,2.1156139373779297
696,69700,4.95876407623291,3.9926605224609375,2.3719630241394043,2.7975690364837646
697,69800,4.104093551635742,3.7951152324676514,2.9593403339385986,2.3483219146728516
698,69900,3.961411952972412,4.4409990310668945,2.0904810428619385,1.773954153060913
699,70000,3.982931137084961,4.211260795593262,3.191120147705078,2.7610559463500977
700,70100,3.747666358947754,3.7848353385925293,3.019573926925659,2.4957573413848877
701,70200,4.425238132476807,3.8404488563537598,2.355180501937866,2.2676777839660645
702,70300,4.174933910369873,4.064743995666504,2.4131784439086914,2.1333980560302734
703,70400,4.546416282653809,4.291189193725586,2.988356590270996,2.2472047805786133
704,70500,4.029682636260986,3.765162944793701,2.5247445106506348,2.729351758956909
705,70600,4.190123558044434,4.377906799316406,2.167041778564453,1.9529078006744385
706,70700,3.8539323806762695,3.8685946464538574,3.028932809829712,2.7579307556152344
707,70800,3.99163556098938,4.752632141113281,2.1215853691101074,2.394029378890991
708,70900,4.053040504455566,4.2094550132751465,2.7917046546936035,2.2555248737335205
709,71000,3.9407567977905273,4.0443034172058105,3.3057501316070557,2.1884803771972656
710,71100,4.535004615783691,4.727238655090332,1.984885573387146,2.1916561126708984
711,71200,4.269570350646973,5.566263198852539,2.2103540897369385,2.1375601291656494
712,71300,3.650911808013916,3.886833906173706,2.773789405822754,3.1327297687530518
713,71400,4.356783390045166,4.337225914001465,2.2091305255889893,1.9334065914154053
714,71500,3.9640190601348877,3.707632541656494,3.101304531097412,3.8674490451812744
715,71600,4.511920928955078,4.5763092041015625,1.9092228412628174,1.7239036560058594
716,71700,3.9567017555236816,5.465958595275879,2.748345375061035,2.5236001014709473
717,71800,4.228250503540039,3.8533596992492676,3.5051608085632324,2.1676673889160156
718,71900,3.9427008628845215,4.074395179748535,2.1606061458587646,2.7961783409118652
719,72000,3.744231700897217,3.8968091011047363,2.932573080062866,3.2214596271514893
720,72100,3.9433987140655518,4.579540252685547,2.0808417797088623,2.1831631660461426
721,72200,3.929013729095459,4.010138034820557,2.682152271270752,2.9821982383728027
722,72300,4.585361957550049,4.333903789520264,2.5868825912475586,2.0959527492523193
723,72400,3.8506031036376953,3.8552498817443848,3.3153042793273926,3.6096341609954834
724,72500,4.281248569488525,3.6677844524383545,2.721863031387329,2.7007551193237305
725,72600,4.193027496337891,4.023221492767334,2.3225855827331543,2.3919568061828613
726,72700,5.523256301879883,3.859055519104004,2.9290170669555664,3.3047971725463867
727,72800,4.183675289154053,3.9139790534973145,2.24652099609375,1.8483047485351562
728,72900,4.048259735107422,3.788214683532715,2.6917502880096436,2.191629409790039
729,73000,4.246812343597412,4.745168685913086,1.8868825435638428,1.8592441082000732
730,73100,4.006800174713135,4.365206241607666,2.9728965759277344,1.9769766330718994
731,73200,3.8089632987976074,3.7773847579956055,3.635368585586548,3.0411462783813477
732,73300,4.909070014953613,5.3450212478637695,3.1683974266052246,2.733585834503174
733,73400,4.343616008758545,4.7822113037109375,1.9636571407318115,2.19421648979187
734,73500,5.088950157165527,3.6872148513793945,2.312229871749878,3.0560786724090576
735,73600,4.054083824157715,4.30708122253418,2.8908443450927734,2.3644211292266846
736,73700,3.6718339920043945,4.261171340942383,2.821549415588379,2.9504446983337402
737,73800,4.195186614990234,4.6893134117126465,1.9769963026046753,2.149609088897705
738,73900,4.255698204040527,3.8351221084594727,2.6405351161956787,2.038383722305298
739,74000,4.6943678855896,3.9409725666046143,2.171037197113037,1.8842086791992188
740,74100,4.191243648529053,4.034090518951416,2.578113317489624,2.335646629333496
741,74200,4.043740272521973,4.3566083908081055,2.4143097400665283,2.2416749000549316
742,74300,3.825953245162964,4.3023271560668945,2.5714540481567383,2.3891611099243164
743,74400,4.833349227905273,3.964064121246338,1.797351598739624,1.926753282546997
744,74500,3.83876371383667,3.835862636566162,3.044062614440918,2.675846576690674
745,74600,4.020841598510742,3.9959592819213867,2.328855037689209,2.8205361366271973
746,74700,4.252865314483643,3.7521767616271973,3.461681604385376,2.288027286529541
747,74800,3.906738758087158,3.852200508117676,3.118532419204712,2.11112642288208
748,74900,4.011940002441406,4.130797863006592,2.6942965984344482,1.9372111558914185
749,75000,4.395547866821289,3.7926535606384277,2.5138590335845947,2.4450552463531494
750,75100,4.268394470214844,3.7786641120910645,2.0947518348693848,2.7293801307678223
751,75200,5.356632709503174,6.819300174713135,1.489751935005188,1.2858082056045532
752,75300,5.032948017120361,4.135843753814697,1.8235641717910767,1.8671174049377441
753,75400,4.348747730255127,4.378519058227539,1.954787254333496,2.09274959564209
754,75500,5.650813579559326,5.458102226257324,1.3095157146453857,1.2704116106033325
755,75600,3.849393367767334,3.940500020980835,3.342900037765503,2.9953718185424805
756,75700,4.044193267822266,3.93888521194458,2.1105146408081055,1.6476118564605713
757,75800,4.035045623779297,3.9084277153015137,3.552713632583618,2.9842031002044678
758,75900,4.321286201477051,4.7864885330200195,2.289926528930664,2.1685614585876465
759,76000,4.181308746337891,3.966628074645996,2.402148485183716,2.6769819259643555
760,76100,5.456001281738281,4.909127235412598,2.8946571350097656,2.6331775188446045
761,76200,4.17875337600708,4.414687633514404,1.9444128274917603,1.6115903854370117
762,76300,4.043025016784668,4.070596694946289,2.372892141342163,2.45721435546875
763,76400,3.9557530879974365,4.131243705749512,2.495514154434204,2.4440810680389404
764,76500,3.8612380027770996,7.871297836303711,2.284064769744873,1.7652949094772339
765,76600,4.200366020202637,3.827928066253662,2.54095458984375,2.59309720993042
766,76700,3.9191315174102783,3.7668633460998535,2.7976653575897217,2.921365261077881
767,76800,4.110196590423584,5.063772678375244,1.9352312088012695,1.8379158973693848
768,76900,4.3585205078125,4.018091678619385,2.1015701293945312,2.1822738647460938
769,77000,4.922504425048828,8.213630676269531,2.5823066234588623,2.030787944793701
770,77100,5.390936851501465,5.481841087341309,1.3521640300750732,1.2759560346603394
771,77200,4.109145164489746,4.188952445983887,2.030111074447632,2.5855770111083984
772,77300,4.302164077758789,3.948922634124756,2.4102232456207275,1.922928810119629
773,77400,4.025595664978027,4.029306411743164,2.3071675300598145,2.158064365386963
